{
  "overall": {
    "tp": 517349,
    "fp": 92224,
    "fn": 6189,
    "precision": 0.848707209800959,
    "recall": 0.9881785085323319,
    "f1": 0.9131479616736577,
    "n_skipped": 0,
    "per_molecule_mean": {
      "precision": 0.8679056388854979,
      "recall": 0.9868181066534694,
      "f1": 0.9173518458827867,
      "n_molecules": 34384
    }
  },
  "per_run": {
    "STB03-064D-02L58270w05-433H09d": {
      "tp": 517349,
      "fp": 92224,
      "fn": 6189,
      "precision": 0.848707209800959,
      "recall": 0.9881785085323319,
      "f1": 0.9131479616736577,
      "n_skipped": 0,
      "per_molecule_mean": {
        "precision": 0.8679056388854979,
        "recall": 0.9868181066534694,
        "f1": 0.9173518458827867,
        "n_molecules": 34384
      }
    }
  },
  "tolerance": 50.0,
  "threshold": 0.3,
  "checkpoint": "micro_phase6_checkpoints\\best_model.pt"
}