strand,n,signed_median_bp,abs_median_bp,abs_p90_bp
0,13151735,7.323852859204635,524.5735851754434,5933.849482270702
1,11499035,-7.100627714768052,539.9705417011864,5861.190900538719
