{
  "method": "anchored-to-wfmproc-centers",
  "overall": {
    "n_molecules": 115584,
    "n_intervals": 1541510,
    "n_skipped": 190,
    "abs_err_bp": {
      "n": 1541510,
      "median": 1068.5546875,
      "mean": 2362.800843010486,
      "p95": 8991.5390625,
      "p99": 16318.487265624995
    },
    "rel_err": {
      "n": 1541510,
      "median": 0.2731927370288886,
      "mean": 0.6474664968010335,
      "p95": 2.255472383925655,
      "p99": 8.028620210908334
    },
    "correlation_ref_pred": 0.6668988179356105
  },
  "per_run": {
    "STB03-063B-02L58270w05-433B23b": {
      "n_molecules": 63154,
      "n_intervals": 817311,
      "n_skipped": 93,
      "abs_err_bp": {
        "n": 817311,
        "median": 1211.6640625,
        "mean": 2590.388475882945,
        "p95": 9624.6875,
        "p99": 17114.97109375004
      },
      "rel_err": {
        "n": 817311,
        "median": 0.300636110079005,
        "mean": 0.7226376610533806,
        "p95": 2.7093723113913746,
        "p99": 8.679386925648743
      },
      "correlation_ref_pred": 0.6354820030047247
    },
    "STB03-064D-02L58270w05-433H09d": {
      "n_molecules": 34324,
      "n_intervals": 487785,
      "n_skipped": 60,
      "abs_err_bp": {
        "n": 487785,
        "median": 943.75,
        "mean": 2135.888894421804,
        "p95": 8312.921874999996,
        "p99": 15463.402187499933
      },
      "rel_err": {
        "n": 487785,
        "median": 0.24819564404243744,
        "mean": 0.5779128290858051,
        "p95": 1.8511285054383435,
        "p99": 7.409003117012271
      },
      "correlation_ref_pred": 0.6904367172069978
    },
    "STB03-065H-02L58270w05-433H09j": {
      "n_molecules": 18106,
      "n_intervals": 236414,
      "n_skipped": 37,
      "abs_err_bp": {
        "n": 236414,
        "median": 924.6884765625,
        "mean": 2044.1833712520788,
        "p95": 7833.706249999999,
        "p99": 14913.995527343743
      },
      "rel_err": {
        "n": 236414,
        "median": 0.24138630420111523,
        "mean": 0.5310986690929563,
        "p95": 1.5047964619499234,
        "p99": 6.532992432623039
      },
      "correlation_ref_pred": 0.7282022250884718
    }
  },
  "checkpoint": "phase6_checkpoints\\best_model.pt"
}