{
  "T2D": {
    "STB03-063B-02L58270w05-433B23b": {
      "n_intervals": 817311,
      "rel_err": {
        "n": 817311,
        "median": 0.17138150555393994,
        "mean": 0.6511509739006612,
        "p95": 2.4734736954183356,
        "p99": 9.34275797063788
      },
      "abs_err_bp": {
        "n": 817311,
        "median": 629.1764730039285,
        "mean": 2328.7197719185942,
        "p95": 10759.538290603072,
        "p99": 19029.8655965805
      },
      "corr": 0.6471680394748051
    },
    "STB03-064D-02L58270w05-433H09d": {
      "n_intervals": 487785,
      "rel_err": {
        "n": 487785,
        "median": 0.13598159541364788,
        "mean": 0.49506683930346557,
        "p95": 1.576626730813451,
        "p99": 7.560490039022043
      },
      "abs_err_bp": {
        "n": 487785,
        "median": 503.50265492665494,
        "mean": 1780.5012716025642,
        "p95": 8681.099256775622,
        "p99": 16630.334792359485
      },
      "corr": 0.7309876593659159
    },
    "STB03-065H-02L58270w05-433H09j": {
      "n_intervals": 236414,
      "rel_err": {
        "n": 236414,
        "median": 0.17866622946598895,
        "mean": 0.4414893409876835,
        "p95": 0.9665558237522714,
        "p99": 5.978332326378956
      },
      "abs_err_bp": {
        "n": 236414,
        "median": 681.0666005381918,
        "mean": 1723.4093893849588,
        "p95": 7162.804385085809,
        "p99": 15469.198656260605
      },
      "corr": 0.7849887973732648
    }
  },
  "checkpoint_epoch_000": {
    "STB03-063B-02L58270w05-433B23b": {
      "n_intervals": 817311,
      "rel_err": {
        "n": 817311,
        "median": 0.19051920198065408,
        "mean": 0.7045129096496927,
        "p95": 2.7481568554031837,
        "p99": 10.146119464608677
      },
      "abs_err_bp": {
        "n": 817311,
        "median": 802.09375,
        "mean": 2463.3331237967045,
        "p95": 11069.87109375,
        "p99": 19772.683203125027
      },
      "corr": 0.6435823081031828
    },
    "STB03-064D-02L58270w05-433H09d": {
      "n_intervals": 487785,
      "rel_err": {
        "n": 487785,
        "median": 0.1496251597492697,
        "mean": 0.5349079541538139,
        "p95": 1.8042967097062144,
        "p99": 8.209449946568379
      },
      "abs_err_bp": {
        "n": 487785,
        "median": 603.998046875,
        "mean": 1886.127470579149,
        "p95": 8895.489062499999,
        "p99": 17195.867187499996
      },
      "corr": 0.7261053581431448
    },
    "STB03-065H-02L58270w05-433H09j": {
      "n_intervals": 236414,
      "rel_err": {
        "n": 236414,
        "median": 0.1471901262934246,
        "mean": 0.448749195800679,
        "p95": 1.0866121013241319,
        "p99": 6.509608666630333
      },
      "abs_err_bp": {
        "n": 236414,
        "median": 587.259765625,
        "mean": 1677.5645634599075,
        "p95": 7324.091406249992,
        "p99": 15933.952753906244
      },
      "corr": 0.7803030472595732
    }
  },
  "checkpoint_epoch_001": {
    "STB03-063B-02L58270w05-433B23b": {
      "n_intervals": 817311,
      "rel_err": {
        "n": 817311,
        "median": 0.19029204102979588,
        "mean": 0.7101296387348398,
        "p95": 2.764037018816566,
        "p99": 10.256299191825327
      },
      "abs_err_bp": {
        "n": 817311,
        "median": 821.3125,
        "mean": 2493.4432832996185,
        "p95": 11159.76806640625,
        "p99": 19933.736669921884
      },
      "corr": 0.6423209352758206
    },
    "STB03-064D-02L58270w05-433H09d": {
      "n_intervals": 487785,
      "rel_err": {
        "n": 487785,
        "median": 0.14709180622009568,
        "mean": 0.5377075452201725,
        "p95": 1.7972864673953874,
        "p99": 8.293968062834248
      },
      "abs_err_bp": {
        "n": 487785,
        "median": 600.6015625,
        "mean": 1905.8188111601582,
        "p95": 8952.746874999993,
        "p99": 17306.034374999992
      },
      "corr": 0.7248595487176176
    },
    "STB03-065H-02L58270w05-433H09j": {
      "n_intervals": 236414,
      "rel_err": {
        "n": 236414,
        "median": 0.14848071847066557,
        "mean": 0.45289002462064015,
        "p95": 1.068796245058349,
        "p99": 6.509831883840781
      },
      "abs_err_bp": {
        "n": 236414,
        "median": 593.046875,
        "mean": 1695.916341992461,
        "p95": 7368.62207031246,
        "p99": 16056.498134765608
      },
      "corr": 0.7789845447424462
    }
  },
  "checkpoint_epoch_002": {
    "STB03-063B-02L58270w05-433B23b": {
      "n_intervals": 817311,
      "rel_err": {
        "n": 817311,
        "median": 0.19151814918743976,
        "mean": 0.7052487205038622,
        "p95": 2.7258380786764675,
        "p99": 10.184381793750408
      },
      "abs_err_bp": {
        "n": 817311,
        "median": 820.158203125,
        "mean": 2485.6458219149167,
        "p95": 11135.1259765625,
        "p99": 19909.81640625001
      },
      "corr": 0.6437961063460703
    },
    "STB03-064D-02L58270w05-433H09d": {
      "n_intervals": 487785,
      "rel_err": {
        "n": 487785,
        "median": 0.14999213367779543,
        "mean": 0.5375806478789704,
        "p95": 1.7772489778045049,
        "p99": 8.272860950427766
      },
      "abs_err_bp": {
        "n": 487785,
        "median": 612.96875,
        "mean": 1912.7200453064459,
        "p95": 8969.935156249996,
        "p99": 17363.974531249998
      },
      "corr": 0.7264944215945095
    },
    "STB03-065H-02L58270w05-433H09j": {
      "n_intervals": 236414,
      "rel_err": {
        "n": 236414,
        "median": 0.15159070986700357,
        "mean": 0.4536048376592292,
        "p95": 1.0580605943445858,
        "p99": 6.503040010656952
      },
      "abs_err_bp": {
        "n": 236414,
        "median": 600.583984375,
        "mean": 1698.7025385059874,
        "p95": 7388.065234374996,
        "p99": 16116.777578124984
      },
      "corr": 0.7805291730244946
    }
  }
}