{
  "T2D": {
    "STB03-063B-02L58270w05-433B23b": {
      "n_intervals": 817311,
      "rel_err": {
        "n": 817311,
        "median": 0.17138150555393994,
        "mean": 0.6511509739006612,
        "p95": 2.4734736954183356,
        "p99": 9.34275797063788
      },
      "abs_err_bp": {
        "n": 817311,
        "median": 629.1764730039285,
        "mean": 2328.7197719185942,
        "p95": 10759.538290603072,
        "p99": 19029.8655965805
      },
      "corr": 0.6471680394748051
    },
    "STB03-064D-02L58270w05-433H09d": {
      "n_intervals": 487785,
      "rel_err": {
        "n": 487785,
        "median": 0.13598159541364788,
        "mean": 0.49506683930346557,
        "p95": 1.576626730813451,
        "p99": 7.560490039022043
      },
      "abs_err_bp": {
        "n": 487785,
        "median": 503.50265492665494,
        "mean": 1780.5012716025642,
        "p95": 8681.099256775622,
        "p99": 16630.334792359485
      },
      "corr": 0.7309876593659159
    },
    "STB03-065H-02L58270w05-433H09j": {
      "n_intervals": 236414,
      "rel_err": {
        "n": 236414,
        "median": 0.17866622946598895,
        "mean": 0.4414893409876835,
        "p95": 0.9665558237522714,
        "p99": 5.978332326378956
      },
      "abs_err_bp": {
        "n": 236414,
        "median": 681.0666005381918,
        "mean": 1723.4093893849588,
        "p95": 7162.804385085809,
        "p99": 15469.198656260605
      },
      "corr": 0.7849887973732648
    }
  },
  "checkpoint_epoch_000": {
    "STB03-063B-02L58270w05-433B23b": {
      "n_intervals": 817311,
      "rel_err": {
        "n": 817311,
        "median": 0.95075162306364,
        "mean": 0.9264360940599128,
        "p95": 0.9918136844243384,
        "p99": 0.9972654337090677
      },
      "abs_err_bp": {
        "n": 817311,
        "median": 4276.1619873046875,
        "mean": 5906.325430487517,
        "p95": 16448.16845703125,
        "p99": 25185.737597656254
      },
      "corr": 0.5118931849430646
    },
    "STB03-064D-02L58270w05-433H09d": {
      "n_intervals": 487785,
      "rel_err": {
        "n": 487785,
        "median": 0.9458681928042856,
        "mean": 0.9244966196520226,
        "p95": 0.9910780317568942,
        "p99": 0.9957597276631945
      },
      "abs_err_bp": {
        "n": 487785,
        "median": 4219.790771484375,
        "mean": 5739.42543695568,
        "p95": 15861.366894531244,
        "p99": 23856.504765625
      },
      "corr": 0.5388132819679918
    },
    "STB03-065H-02L58270w05-433H09j": {
      "n_intervals": 236414,
      "rel_err": {
        "n": 236414,
        "median": 0.9498802604010828,
        "mean": 0.9319643337665411,
        "p95": 0.991211076309094,
        "p99": 0.9959865496713173
      },
      "abs_err_bp": {
        "n": 236414,
        "median": 4248.1064453125,
        "mean": 5838.233637626735,
        "p95": 16182.726879882808,
        "p99": 24632.068959960932
      },
      "corr": 0.5820782401620206
    }
  },
  "checkpoint_epoch_001": {
    "STB03-063B-02L58270w05-433B23b": {
      "n_intervals": 817311,
      "rel_err": {
        "n": 817311,
        "median": 0.950460704744171,
        "mean": 0.9257399271701374,
        "p95": 0.9924009215443542,
        "p99": 0.998451460246833
      },
      "abs_err_bp": {
        "n": 817311,
        "median": 4271.7880859375,
        "mean": 5900.753734015259,
        "p95": 16435.80810546875,
        "p99": 25175.156958007832
      },
      "corr": 0.5093941444072321
    },
    "STB03-064D-02L58270w05-433H09d": {
      "n_intervals": 487785,
      "rel_err": {
        "n": 487785,
        "median": 0.9454026480770656,
        "mean": 0.9238542690395235,
        "p95": 0.9912914351100236,
        "p99": 0.9962059529724859
      },
      "abs_err_bp": {
        "n": 487785,
        "median": 4214.9912109375,
        "mean": 5734.121062582988,
        "p95": 15848.114550781249,
        "p99": 23837.36108398436
      },
      "corr": 0.53623853732606
    },
    "STB03-065H-02L58270w05-433H09j": {
      "n_intervals": 236414,
      "rel_err": {
        "n": 236414,
        "median": 0.9497487941387931,
        "mean": 0.9318215006893509,
        "p95": 0.9915993489441107,
        "p99": 0.9967915710142305
      },
      "abs_err_bp": {
        "n": 236414,
        "median": 4244.746154785156,
        "mean": 5834.278556274472,
        "p95": 16171.514715576166,
        "p99": 24613.67161254881
      },
      "corr": 0.5789681483755588
    }
  },
  "checkpoint_epoch_002": {
    "STB03-063B-02L58270w05-433B23b": {
      "n_intervals": 817311,
      "rel_err": {
        "n": 817311,
        "median": 0.9509128572586815,
        "mean": 0.9294568271358958,
        "p95": 0.9912749732417301,
        "p99": 0.996062266112273
      },
      "abs_err_bp": {
        "n": 817311,
        "median": 4287.86328125,
        "mean": 5916.638796650579,
        "p95": 16455.786071777344,
        "p99": 25190.249066162112
      },
      "corr": 0.5263096945836485
    },
    "STB03-064D-02L58270w05-433H09d": {
      "n_intervals": 487785,
      "rel_err": {
        "n": 487785,
        "median": 0.9471316004587915,
        "mean": 0.9297995694108498,
        "p95": 0.9903413016096001,
        "p99": 0.994605266152219
      },
      "abs_err_bp": {
        "n": 487785,
        "median": 4238.03173828125,
        "mean": 5756.8238836961655,
        "p95": 15873.308593749998,
        "p99": 23862.190546874972
      },
      "corr": 0.5591682471572229
    },
    "STB03-065H-02L58270w05-433H09j": {
      "n_intervals": 236414,
      "rel_err": {
        "n": 236414,
        "median": 0.9503937639158502,
        "mean": 0.9358773116252658,
        "p95": 0.9904807431218127,
        "p99": 0.9946978029300994
      },
      "abs_err_bp": {
        "n": 236414,
        "median": 4264.565490722656,
        "mean": 5851.085318671856,
        "p95": 16181.980749511717,
        "p99": 24634.086071777343
      },
      "corr": 0.6019821302583002
    }
  }
}