{
  "T2D": {
    "STB03-063B-02L58270w05-433B23b": {
      "n_intervals": 817311,
      "rel_err": {
        "n": 817311,
        "median": 0.17138150555393994,
        "mean": 0.6511509739006612,
        "p95": 2.4734736954183356,
        "p99": 9.34275797063788
      },
      "abs_err_bp": {
        "n": 817311,
        "median": 629.1764730039285,
        "mean": 2328.7197719185942,
        "p95": 10759.538290603072,
        "p99": 19029.8655965805
      },
      "corr": 0.6471680394748051
    },
    "STB03-064D-02L58270w05-433H09d": {
      "n_intervals": 487785,
      "rel_err": {
        "n": 487785,
        "median": 0.13598159541364788,
        "mean": 0.49506683930346557,
        "p95": 1.576626730813451,
        "p99": 7.560490039022043
      },
      "abs_err_bp": {
        "n": 487785,
        "median": 503.50265492665494,
        "mean": 1780.5012716025642,
        "p95": 8681.099256775622,
        "p99": 16630.334792359485
      },
      "corr": 0.7309876593659159
    },
    "STB03-065H-02L58270w05-433H09j": {
      "n_intervals": 236414,
      "rel_err": {
        "n": 236414,
        "median": 0.17866622946598895,
        "mean": 0.4414893409876835,
        "p95": 0.9665558237522714,
        "p99": 5.978332326378956
      },
      "abs_err_bp": {
        "n": 236414,
        "median": 681.0666005381918,
        "mean": 1723.4093893849588,
        "p95": 7162.804385085809,
        "p99": 15469.198656260605
      },
      "corr": 0.7849887973732648
    }
  },
  "checkpoint_epoch_000": {
    "STB03-063B-02L58270w05-433B23b": {
      "n_intervals": 817311,
      "rel_err": {
        "n": 817311,
        "median": 0.47224043802643045,
        "mean": 0.8640007806958615,
        "p95": 2.5844926074975634,
        "p99": 9.895692743141636
      },
      "abs_err_bp": {
        "n": 817311,
        "median": 1804.4365234375,
        "mean": 3651.0274732744647,
        "p95": 12886.6328125,
        "p99": 24576.963671875004
      },
      "corr": 0.5191411146100423
    },
    "STB03-064D-02L58270w05-433H09d": {
      "n_intervals": 487785,
      "rel_err": {
        "n": 487785,
        "median": 0.46605581275720165,
        "mean": 0.7153883228335894,
        "p95": 1.5663340246110014,
        "p99": 7.241651710633363
      },
      "abs_err_bp": {
        "n": 487785,
        "median": 1674.76416015625,
        "mean": 3346.883978288267,
        "p95": 11734.508203124993,
        "p99": 21771.782924804626
      },
      "corr": 0.5551193386916747
    },
    "STB03-065H-02L58270w05-433H09j": {
      "n_intervals": 236414,
      "rel_err": {
        "n": 236414,
        "median": 0.48515238341179034,
        "mean": 0.667636238094568,
        "p95": 1.1274049342568577,
        "p99": 5.70894231309035
      },
      "abs_err_bp": {
        "n": 236414,
        "median": 1705.2229614257812,
        "mean": 3291.4377074695653,
        "p95": 11339.693579101542,
        "p99": 20837.4645703125
      },
      "corr": 0.590430299034707
    }
  },
  "checkpoint_epoch_001": {
    "STB03-063B-02L58270w05-433B23b": {
      "n_intervals": 817311,
      "rel_err": {
        "n": 817311,
        "median": 0.3313904196693514,
        "mean": 0.7385820639767128,
        "p95": 2.633798907473812,
        "p99": 8.58116670037601
      },
      "abs_err_bp": {
        "n": 817311,
        "median": 1336.75,
        "mean": 2814.3002268615382,
        "p95": 10432.484375,
        "p99": 18866.975000000006
      },
      "corr": 0.5963664585288778
    },
    "STB03-064D-02L58270w05-433H09d": {
      "n_intervals": 487785,
      "rel_err": {
        "n": 487785,
        "median": 0.29481079265562027,
        "mean": 0.6082471304975094,
        "p95": 1.870366677150645,
        "p99": 7.0703658550167825
      },
      "abs_err_bp": {
        "n": 487785,
        "median": 1188.1259765625,
        "mean": 2423.285058069678,
        "p95": 9061.911376953123,
        "p99": 16810.415312499914
      },
      "corr": 0.6334330379422053
    },
    "STB03-065H-02L58270w05-433H09j": {
      "n_intervals": 236414,
      "rel_err": {
        "n": 236414,
        "median": 0.2884587397263627,
        "mean": 0.5662791698528461,
        "p95": 1.52299594254485,
        "p99": 6.181433786083392
      },
      "abs_err_bp": {
        "n": 236414,
        "median": 1158.5,
        "mean": 2354.8604916971904,
        "p95": 8745.774999999965,
        "p99": 16481.021718749973
      },
      "corr": 0.6637424738835559
    }
  },
  "checkpoint_epoch_002": {
    "STB03-063B-02L58270w05-433B23b": {
      "n_intervals": 817311,
      "rel_err": {
        "n": 817311,
        "median": 0.31878599911386796,
        "mean": 0.7391566967439854,
        "p95": 2.6780603325246184,
        "p99": 8.75154055219546
      },
      "abs_err_bp": {
        "n": 817311,
        "median": 1261.74951171875,
        "mean": 2779.2175684606027,
        "p95": 10428.9990234375,
        "p99": 19009.059375000037
      },
      "corr": 0.6007365946727615
    },
    "STB03-064D-02L58270w05-433H09d": {
      "n_intervals": 487785,
      "rel_err": {
        "n": 487785,
        "median": 0.29226586428024504,
        "mean": 0.6147218298066651,
        "p95": 1.913982102372513,
        "p99": 7.3763120382751435
      },
      "abs_err_bp": {
        "n": 487785,
        "median": 1147.2213134765625,
        "mean": 2422.4427365013516,
        "p95": 9147.75,
        "p99": 17209.76828125
      },
      "corr": 0.64254736582823
    },
    "STB03-065H-02L58270w05-433H09j": {
      "n_intervals": 236414,
      "rel_err": {
        "n": 236414,
        "median": 0.28292540652302367,
        "mean": 0.5698205235918519,
        "p95": 1.5563070500399798,
        "p99": 6.467301887154739
      },
      "abs_err_bp": {
        "n": 236414,
        "median": 1115.7490234375,
        "mean": 2342.6270521016572,
        "p95": 8771.902539062485,
        "p99": 16748.73787109373
      },
      "corr": 0.6774118858932932
    }
  }
}