{
  "T2D": {
    "STB03-063B-02L58270w05-433B23b": {
      "n_intervals": 817311,
      "rel_err": {
        "n": 817311,
        "median": 0.17138150555393994,
        "mean": 0.6511509739006612,
        "p95": 2.4734736954183356,
        "p99": 9.34275797063788
      },
      "abs_err_bp": {
        "n": 817311,
        "median": 629.1764730039285,
        "mean": 2328.7197719185942,
        "p95": 10759.538290603072,
        "p99": 19029.8655965805
      },
      "corr": 0.6471680394748051
    },
    "STB03-064D-02L58270w05-433H09d": {
      "n_intervals": 487785,
      "rel_err": {
        "n": 487785,
        "median": 0.13598159541364788,
        "mean": 0.49506683930346557,
        "p95": 1.576626730813451,
        "p99": 7.560490039022043
      },
      "abs_err_bp": {
        "n": 487785,
        "median": 503.50265492665494,
        "mean": 1780.5012716025642,
        "p95": 8681.099256775622,
        "p99": 16630.334792359485
      },
      "corr": 0.7309876593659159
    },
    "STB03-065H-02L58270w05-433H09j": {
      "n_intervals": 236414,
      "rel_err": {
        "n": 236414,
        "median": 0.17866622946598895,
        "mean": 0.4414893409876835,
        "p95": 0.9665558237522714,
        "p99": 5.978332326378956
      },
      "abs_err_bp": {
        "n": 236414,
        "median": 681.0666005381918,
        "mean": 1723.4093893849588,
        "p95": 7162.804385085809,
        "p99": 15469.198656260605
      },
      "corr": 0.7849887973732648
    }
  },
  "best_model": {
    "STB03-063B-02L58270w05-433B23b": {
      "n_intervals": 817311,
      "rel_err": {
        "n": 817311,
        "median": 0.213015759164465,
        "mean": 0.720366421703124,
        "p95": 2.7760435969052035,
        "p99": 10.31685357576001
      },
      "abs_err_bp": {
        "n": 817311,
        "median": 935.64453125,
        "mean": 2542.206194922491,
        "p95": 11145.359375,
        "p99": 19902.329541015642
      },
      "corr": 0.6447487750473361
    },
    "STB03-064D-02L58270w05-433H09d": {
      "n_intervals": 487785,
      "rel_err": {
        "n": 487785,
        "median": 0.17272971727105102,
        "mean": 0.5530330521997867,
        "p95": 1.8176213364081482,
        "p99": 8.366303403626528
      },
      "abs_err_bp": {
        "n": 487785,
        "median": 742.30078125,
        "mean": 1982.6074239593684,
        "p95": 8977.044921874998,
        "p99": 17347.99359374993
      },
      "corr": 0.7278552796502439
    },
    "STB03-065H-02L58270w05-433H09j": {
      "n_intervals": 236414,
      "rel_err": {
        "n": 236414,
        "median": 0.1686995507061984,
        "mean": 0.4659053216470767,
        "p95": 1.0703698770100103,
        "p99": 6.553078807098444
      },
      "abs_err_bp": {
        "n": 236414,
        "median": 678.349609375,
        "mean": 1746.6535590909207,
        "p95": 7434.799609374982,
        "p99": 16136.404414062494
      },
      "corr": 0.7810939238987509
    }
  }
}