{
  "T2D": {
    "STB03-063B-02L58270w05-433B23b": {
      "n_intervals": 817311,
      "rel_err": {
        "n": 817311,
        "median": 0.17138150555393994,
        "mean": 0.6511509739006612,
        "p95": 2.4734736954183356,
        "p99": 9.34275797063788
      },
      "abs_err_bp": {
        "n": 817311,
        "median": 629.1764730039285,
        "mean": 2328.7197719185942,
        "p95": 10759.538290603072,
        "p99": 19029.8655965805
      },
      "corr": 0.6471680394748051
    },
    "STB03-064D-02L58270w05-433H09d": {
      "n_intervals": 487785,
      "rel_err": {
        "n": 487785,
        "median": 0.13598159541364788,
        "mean": 0.49506683930346557,
        "p95": 1.576626730813451,
        "p99": 7.560490039022043
      },
      "abs_err_bp": {
        "n": 487785,
        "median": 503.50265492665494,
        "mean": 1780.5012716025642,
        "p95": 8681.099256775622,
        "p99": 16630.334792359485
      },
      "corr": 0.7309876593659159
    },
    "STB03-065H-02L58270w05-433H09j": {
      "n_intervals": 236414,
      "rel_err": {
        "n": 236414,
        "median": 0.17866622946598895,
        "mean": 0.4414893409876835,
        "p95": 0.9665558237522714,
        "p99": 5.978332326378956
      },
      "abs_err_bp": {
        "n": 236414,
        "median": 681.0666005381918,
        "mean": 1723.4093893849588,
        "p95": 7162.804385085809,
        "p99": 15469.198656260605
      },
      "corr": 0.7849887973732648
    }
  },
  "checkpoint_epoch_000": {
    "STB03-063B-02L58270w05-433B23b": {
      "n_intervals": 817311,
      "rel_err": {
        "n": 817311,
        "median": 0.3776435045317221,
        "mean": 0.8554705794576487,
        "p95": 2.9539391433524305,
        "p99": 10.329523038663677
      },
      "abs_err_bp": {
        "n": 817311,
        "median": 1551.875,
        "mean": 3370.975402483033,
        "p95": 12371.865234375,
        "p99": 23871.032812500038
      },
      "corr": 0.561335424973872
    },
    "STB03-064D-02L58270w05-433H09d": {
      "n_intervals": 487785,
      "rel_err": {
        "n": 487785,
        "median": 0.32845744680851063,
        "mean": 0.6510114655901168,
        "p95": 1.8897059889558732,
        "p99": 7.554964227642262
      },
      "abs_err_bp": {
        "n": 487785,
        "median": 1233.2890625,
        "mean": 2743.074392136341,
        "p95": 10185.496093749993,
        "p99": 19418.50999999997
      },
      "corr": 0.5927420439181557
    },
    "STB03-065H-02L58270w05-433H09j": {
      "n_intervals": 236414,
      "rel_err": {
        "n": 236414,
        "median": 0.32252811680590443,
        "mean": 0.604111610485917,
        "p95": 1.498231057760126,
        "p99": 6.486093652269891
      },
      "abs_err_bp": {
        "n": 236414,
        "median": 1190.244140625,
        "mean": 2687.106330386189,
        "p95": 9964.363616943343,
        "p99": 19608.244862670894
      },
      "corr": 0.6196687296748254
    }
  },
  "checkpoint_epoch_001": {
    "STB03-063B-02L58270w05-433B23b": {
      "n_intervals": 817311,
      "rel_err": {
        "n": 817311,
        "median": 0.30463386727688785,
        "mean": 0.7100805677225481,
        "p95": 2.530196558230587,
        "p99": 8.408267263733066
      },
      "abs_err_bp": {
        "n": 817311,
        "median": 1207.921875,
        "mean": 2759.515527705031,
        "p95": 10457.322265625,
        "p99": 19038.994921875
      },
      "corr": 0.5964739447045826
    },
    "STB03-064D-02L58270w05-433H09d": {
      "n_intervals": 487785,
      "rel_err": {
        "n": 487785,
        "median": 0.2677151377449588,
        "mean": 0.5805677426955249,
        "p95": 1.7738197066092365,
        "p99": 7.01116038422021
      },
      "abs_err_bp": {
        "n": 487785,
        "median": 1026.3984375,
        "mean": 2369.8176340272835,
        "p95": 9151.299218749999,
        "p99": 17061.224999999984
      },
      "corr": 0.6370922040020731
    },
    "STB03-065H-02L58270w05-433H09j": {
      "n_intervals": 236414,
      "rel_err": {
        "n": 236414,
        "median": 0.26535589270453525,
        "mean": 0.5430380148366514,
        "p95": 1.4426618704743364,
        "p99": 6.142129158634377
      },
      "abs_err_bp": {
        "n": 236414,
        "median": 1014.830078125,
        "mean": 2311.4203294548474,
        "p95": 8838.19980773924,
        "p99": 16831.498749999984
      },
      "corr": 0.6689780652026733
    }
  },
  "checkpoint_epoch_002": {
    "STB03-063B-02L58270w05-433B23b": {
      "n_intervals": 817311,
      "rel_err": {
        "n": 817311,
        "median": 0.29985746850454936,
        "mean": 0.730004850589716,
        "p95": 2.6999079192696573,
        "p99": 8.728984221006296
      },
      "abs_err_bp": {
        "n": 817311,
        "median": 1290.00146484375,
        "mean": 2736.549016577356,
        "p95": 10282.373046875,
        "p99": 18695.615625000002
      },
      "corr": 0.6093221230400437
    },
    "STB03-064D-02L58270w05-433H09d": {
      "n_intervals": 487785,
      "rel_err": {
        "n": 487785,
        "median": 0.2654598162798597,
        "mean": 0.5897244438323441,
        "p95": 1.8713854723897287,
        "p99": 7.268860492121278
      },
      "abs_err_bp": {
        "n": 487785,
        "median": 1127.9375,
        "mean": 2345.210469565327,
        "p95": 8936.999999999996,
        "p99": 16828.076874999977
      },
      "corr": 0.6539048332508854
    },
    "STB03-065H-02L58270w05-433H09j": {
      "n_intervals": 236414,
      "rel_err": {
        "n": 236414,
        "median": 0.2647530639739467,
        "mean": 0.5533283760427241,
        "p95": 1.510452606494772,
        "p99": 6.386956909945639
      },
      "abs_err_bp": {
        "n": 236414,
        "median": 1113.23974609375,
        "mean": 2297.2439246202,
        "p95": 8636.416137695307,
        "p99": 16548.483906249996
      },
      "corr": 0.6869047852003198
    }
  },
  "checkpoint_epoch_003": {
    "STB03-063B-02L58270w05-433B23b": {
      "n_intervals": 817311,
      "rel_err": {
        "n": 817311,
        "median": 0.3122623574144487,
        "mean": 0.735590169322181,
        "p95": 2.741776315789474,
        "p99": 8.582206439981192
      },
      "abs_err_bp": {
        "n": 817311,
        "median": 1365.0,
        "mean": 2708.532631501601,
        "p95": 9997.1640625,
        "p99": 17972.3125
      },
      "corr": 0.6133807870767405
    },
    "STB03-064D-02L58270w05-433H09d": {
      "n_intervals": 487785,
      "rel_err": {
        "n": 487785,
        "median": 0.2780794701986755,
        "mean": 0.6032488529625623,
        "p95": 1.9324734744757404,
        "p99": 7.233288637307801
      },
      "abs_err_bp": {
        "n": 487785,
        "median": 1202.875,
        "mean": 2331.314730682478,
        "p95": 8698.1875,
        "p99": 16254.043124999956
      },
      "corr": 0.6588121327783635
    },
    "STB03-065H-02L58270w05-433H09j": {
      "n_intervals": 236414,
      "rel_err": {
        "n": 236414,
        "median": 0.2690591301838573,
        "mean": 0.5577044710700123,
        "p95": 1.5409174512960757,
        "p99": 6.329854744527856
      },
      "abs_err_bp": {
        "n": 236414,
        "median": 1164.941162109375,
        "mean": 2258.2401961492205,
        "p95": 8365.256933593742,
        "p99": 15900.744433593749
      },
      "corr": 0.6894903623935931
    }
  },
  "checkpoint_epoch_004": {
    "STB03-063B-02L58270w05-433B23b": {
      "n_intervals": 817311,
      "rel_err": {
        "n": 817311,
        "median": 0.2986609814482346,
        "mean": 0.7381247355208551,
        "p95": 2.7793476325771342,
        "p99": 8.892975929498176
      },
      "abs_err_bp": {
        "n": 817311,
        "median": 1211.25,
        "mean": 2678.6716669982466,
        "p95": 10156.7978515625,
        "p99": 18485.755859375036
      },
      "corr": 0.6153125654169888
    },