{
  "overall": {
    "tp": 1643942,
    "fp": 371296,
    "fn": 17091,
    "precision": 0.8157557568882683,
    "recall": 0.9897106198371736,
    "f1": 0.8943530006356984,
    "n_skipped": 0,
    "per_molecule_mean": {
      "precision": 0.8392081467880432,
      "recall": 0.9885726301101383,
      "f1": 0.899605062462792,
      "n_molecules": 115774
    }
  },
  "per_run": {
    "STB03-063B-02L58270w05-433B23b": {
      "tp": 872938,
      "fp": 224640,
      "fn": 9274,
      "precision": 0.7953311746408911,
      "recall": 0.9894877875159259,
      "f1": 0.8818490850039651,
      "n_skipped": 0,
      "per_molecule_mean": {
        "precision": 0.8226617326862797,
        "recall": 0.98822388841675,
        "f1": 0.8888810202340074,
        "n_molecules": 63247
      }
    },
    "STB03-064D-02L58270w05-433H09d": {
      "tp": 518449,
      "fp": 91467,
      "fn": 5089,
      "precision": 0.8500334472287987,
      "recall": 0.9902795976605328,
      "f1": 0.9148125993644206,
      "n_skipped": 0,
      "per_molecule_mean": {
        "precision": 0.86772201787558,
        "recall": 0.9892377775081389,
        "f1": 0.9181878346229206,
        "n_molecules": 34384
      }
    },
    "STB03-065H-02L58270w05-433H09j": {
      "tp": 252555,
      "fp": 55189,
      "fn": 2728,
      "precision": 0.8206658781324737,
      "recall": 0.9893138203483977,
      "f1": 0.8971328195628273,
      "n_skipped": 0,
      "per_molecule_mean": {
        "precision": 0.8428508800306371,
        "recall": 0.9885277884493813,
        "f1": 0.9017719290719567,
        "n_molecules": 18143
      }
    }
  },
  "tolerance": 50.0,
  "threshold": 0.3,
  "checkpoint": "phase6_checkpoints\\best_model.pt"
}