{
  "method": "legacy-T2D-power-law",
  "overall": {
    "n_molecules": 115584,
    "n_intervals": 1541510,
    "n_skipped": 190,
    "abs_err_bp": {
      "n": 1541510,
      "median": 591.9539633688278,
      "mean": 2062.4116649631014,
      "p95": 9749.948624849787,
      "p99": 17877.699012331897
    },
    "rel_err": {
      "n": 1541510,
      "median": 0.16024529511591845,
      "mean": 0.5696059661628056,
      "p95": 1.9771405291765607,
      "p99": 8.412008745201932
    },
    "correlation_ref_pred": 0.6929770407926819
  },
  "per_run": {
    "STB03-063B-02L58270w05-433B23b": {
      "n_molecules": 63154,
      "n_intervals": 817311,
      "n_skipped": 93,
      "abs_err_bp": {
        "n": 817311,
        "median": 629.1764730039285,
        "mean": 2328.7197719185942,
        "p95": 10759.538290603072,
        "p99": 19029.8655965805
      },
      "rel_err": {
        "n": 817311,
        "median": 0.17138150555393994,
        "mean": 0.6511509739006612,
        "p95": 2.4734736954183356,
        "p99": 9.34275797063788
      },
      "correlation_ref_pred": 0.6471680394748051
    },
    "STB03-064D-02L58270w05-433H09d": {
      "n_molecules": 34324,
      "n_intervals": 487785,
      "n_skipped": 60,
      "abs_err_bp": {
        "n": 487785,
        "median": 503.50265492665494,
        "mean": 1780.5012716025642,
        "p95": 8681.099256775622,
        "p99": 16630.334792359485
      },
      "rel_err": {
        "n": 487785,
        "median": 0.13598159541364788,
        "mean": 0.49506683930346557,
        "p95": 1.576626730813451,
        "p99": 7.560490039022043
      },
      "correlation_ref_pred": 0.7309876593659159
    },
    "STB03-065H-02L58270w05-433H09j": {
      "n_molecules": 18106,
      "n_intervals": 236414,
      "n_skipped": 37,
      "abs_err_bp": {
        "n": 236414,
        "median": 681.0666005381918,
        "mean": 1723.4093893849588,
        "p95": 7162.804385085809,
        "p99": 15469.198656260605
      },
      "rel_err": {
        "n": 236414,
        "median": 0.17866622946598895,
        "mean": 0.4414893409876835,
        "p95": 0.9665558237522714,
        "p99": 5.978332326378956
      },
      "correlation_ref_pred": 0.7849887973732648
    }
  }
}