{
  "method": "anchored-to-wfmproc-centers",
  "overall": {
    "n_molecules": 63154,
    "n_intervals": 817311,
    "n_skipped": 93,
    "abs_err_bp": {
      "n": 817311,
      "median": 1261.74951171875,
      "mean": 2779.2175684606027,
      "p95": 10428.9990234375,
      "p99": 19009.059375000037
    },
    "rel_err": {
      "n": 817311,
      "median": 0.31878599911386796,
      "mean": 0.7391566967439854,
      "p95": 2.6780603325246184,
      "p99": 8.75154055219546
    },
    "correlation_ref_pred": 0.6007365946727615
  },
  "per_run": {
    "STB03-063B-02L58270w05-433B23b": {
      "n_molecules": 63154,
      "n_intervals": 817311,
      "n_skipped": 93,
      "abs_err_bp": {
        "n": 817311,
        "median": 1261.74951171875,
        "mean": 2779.2175684606027,
        "p95": 10428.9990234375,
        "p99": 19009.059375000037
      },
      "rel_err": {
        "n": 817311,
        "median": 0.31878599911386796,
        "mean": 0.7391566967439854,
        "p95": 2.6780603325246184,
        "p99": 8.75154055219546
      },
      "correlation_ref_pred": 0.6007365946727615
    }
  },
  "checkpoint": "l511_spike_checkpoints\\checkpoint_epoch_002.pt"
}