{
  "method": "anchored-to-wfmproc-centers",
  "overall": {
    "n_molecules": 63154,
    "n_intervals": 817311,
    "n_skipped": 93,
    "abs_err_bp": {
      "n": 817311,
      "median": 1804.4365234375,
      "mean": 3651.0274732744647,
      "p95": 12886.6328125,
      "p99": 24576.963671875004
    },
    "rel_err": {
      "n": 817311,
      "median": 0.47224043802643045,
      "mean": 0.8640007806958615,
      "p95": 2.5844926074975634,
      "p99": 9.895692743141636
    },
    "correlation_ref_pred": 0.5191411146100423
  },
  "per_run": {
    "STB03-063B-02L58270w05-433B23b": {
      "n_molecules": 63154,
      "n_intervals": 817311,
      "n_skipped": 93,
      "abs_err_bp": {
        "n": 817311,
        "median": 1804.4365234375,
        "mean": 3651.0274732744647,
        "p95": 12886.6328125,
        "p99": 24576.963671875004
      },
      "rel_err": {
        "n": 817311,
        "median": 0.47224043802643045,
        "mean": 0.8640007806958615,
        "p95": 2.5844926074975634,
        "p99": 9.895692743141636
      },
      "correlation_ref_pred": 0.5191411146100423
    }
  },
  "checkpoint": "l511_spike_checkpoints\\checkpoint_epoch_000.pt"
}