{
  "method": "anchored-to-wfmproc-centers",
  "overall": {
    "n_molecules": 63154,
    "n_intervals": 817311,
    "n_skipped": 93,
    "abs_err_bp": {
      "n": 817311,
      "median": 1336.75,
      "mean": 2814.3002268615382,
      "p95": 10432.484375,
      "p99": 18866.975000000006
    },
    "rel_err": {
      "n": 817311,
      "median": 0.3313904196693514,
      "mean": 0.7385820639767128,
      "p95": 2.633798907473812,
      "p99": 8.58116670037601
    },
    "correlation_ref_pred": 0.5963664585288778
  },
  "per_run": {
    "STB03-063B-02L58270w05-433B23b": {
      "n_molecules": 63154,
      "n_intervals": 817311,
      "n_skipped": 93,
      "abs_err_bp": {
        "n": 817311,
        "median": 1336.75,
        "mean": 2814.3002268615382,
        "p95": 10432.484375,
        "p99": 18866.975000000006
      },
      "rel_err": {
        "n": 817311,
        "median": 0.3313904196693514,
        "mean": 0.7385820639767128,
        "p95": 2.633798907473812,
        "p99": 8.58116670037601
      },
      "correlation_ref_pred": 0.5963664585288778
    }
  },
  "checkpoint": "l511_spike_checkpoints\\checkpoint_epoch_001.pt"
}